mol,Name,Docking Score,Druglikeness,MolWeight,Mol_ID,Formula,MolWeight,Cat,,Synonyms,Target,Form,CAS,PIC50 value
CO[C@@H]1C[C@H](C[C@@H](C)[C@@H]2CC(=O)[C@H](C)\\C=C(C)\\[C@@H](O)[C@@H](OC)C(=O)[C@H](C)C[C@H](C)\\C=C\\C=C\\C=C(C)\\[C@H](C[C@@H]3CC[C@@H](C)[C@@](O)(O3)C(=O)C(=O)N3CCCC[C@H]3C(=O)O2)OC)CC[C@H]1O,Rapamycin (Sirolimus),,No,914.17186,2,C51H79NO13,914.17186,S1039,,N/A ,mTOR ,Free Base,53123-88-9,5.869387
OC(CN1C=NC=N1)(CN1C=NC=N1)C1=C(F)C=C(F)C=C1,Fluconazole,,YES,306.2707864,28,C13H12F2N6O,306.2707864,S1331,,UK 49858,P450 (e.g. CYP17),Free Base,86386-73-4,5.865443
CC(O)C1C2C(C)C(SC3CNC(C3)C(=O)N(C)C)=C(N2C1=O)C(O)=O,Meropenem,,YES/NO,383.4625,33,C17H25N3O5S,383.4625,S1381,,SM 7338,Antifection,Free Base,96036-03-2,6.1229115
Cl.CN1CCN2C(C1)C1=C(CC3=C2C=CC=C3)C=CC=C1,Mianserin HCl,,YES,300.82574,34,C18H21ClN2,300.82574,S1382,,ORG GB-94 HCl,Histamine Receptor(HT receptor),Hydrochloride,21535-47-7,5.825176
CCC1NC(=O)C([C@H](O)[C@H](C)C\\C=C\\C)N(C)C(=O)C(C(C)C)N(C)C(=O)C(CC(C)C)N(C)C(=O)C(CC(C)C)N(C)C(=O)C(C)NC(=O)C(C)NC(=O)C(CC(C)C)N(C)C(=O)C(NC(=O)C(CC(C)C)N(C)C(=O)CN(C)C1=O)C(C)C,Cyclosporine (Neoral),,NO,1202.61124,42,C62H111N11O12,1202.61124,S1514,,"Sandimmune, Gengraf, Restasis, Atopica, Sangcya ",phosphatase,Free Base,79217-60-0,6.2329865
[H][C@]12SCC(\\C=C/C3=C(C)N=CS3)=C(N1C(=O)[C@H]2NC(=O)C(=N/OC)\\C1=CSC(N)=N1)C(=O)OCOC(=O)C(C)(C)C,Cefditoren pivoxil,,NO,620.72082,79,C25H28N6O7S3,620.72082,S1768,,"Spectracef , Meiact",5-alpha Reductase ,Free Base,117467-28-4 ,6.812623
CCC1=NC=CC(=C1)C(N)=S,Ethionamide,,YES,166.2434,83,C8H10N2S,166.2434,S1777,,"2-ethylthioisonicotinamide, Trecator SC, Amidazine ",Antifection,Free Base,536-33-4,5.9592433
[H][C@]1(C)COC2=C(N3CCN(C)CC3)C(F)=CC3=C2N1C=C(C(O)=O)C3=O,Levofloxacin (Levaquin),,YES,361.3675032,90,C18H20FN3O4,361.3675032,S1940,,Fluoroquinolone,Topoisomerase,Free Base,100986-85-4,6.04614
[H][C@]12C=C(OC)C(=O)C[C@]11CCN(C)[C@H]2CC2=C1C(O)=C(OC)C=C2,Sinomenine (Cucoline),,YES,329.39022,97,C19H23NO4,329.39022,S2359,,"Cucoline, Kukoline, Coculine, Sabianine A ",Others,Free Base,115-53-7,5.9818177
[Br-].[H][C@]12O[C@@]1([H])[C@]1([H])C[C@@H](C[C@@]2([H])[N+]1(C)CCCC)OC(=O)[C@H](CO)C1=CC=CC=C1,Butylscopolamine bromide (Scopolamine butylb,,YES/NO,440.3712,111,C21H30BrNO4,440.3712,S2378,,"Scopolamine butylbromide, Butylhyoscine",Others,Bromide,149-64-4,6.310577
C[N+](C)(C)C[C@H](O)CC([O-])=O,L-carnitine (Levocarnitine),,YES/NO,161.1989,120,C7H15NO3,161.1989,S2388,,"Levocarnitine, Carnitor, vitamin BT, Karnitin",Others,quaternary-N  salt,541-15-1,5.8224783
O.OS(O)(=O)=O.[H][C@]12CC[C@]([H])(C[C@@H](C1)OC(=O)C(CO)C1=CC=CC=C1)N2C.[H][C@]12CC[C@]([H])(C[C@@H](C1)OC(=O)C(CO)C1=CC=CC=C1)N2C,Atropine sulfate monohydrate,,NO,694.8326,144,C34H50N2O11S,694.8326,S2130,,Tropine ,AChR,Sulfate monohydrate,5908-99-6,6.2333283
[H][C@]12[C@@H](C)C(SC3CN(C3)C3=NCCS3)=C(N1C(=O)[C@]2([H])[C@@H](C)O)C(=O)OCOC(=O)C(C)(C)C,Tebipenem pivoxil (L-084),,NO,497.62804,147,C22H31N3O6S2,497.62804,S2159,,"L-084, TBPM-PI, ME1211 ",Antifection,Free Base,161715-24-8,5.918081
ClC1=CC2=C(C=C1)C(=C1CCNCC1)C1=C(CC2)C=CC=N1,Desloratadine ,,YES,310.82056,149,C19H19ClN2,310.82056,S4012,,,Histamine Receptor,Free Base,100643-71-8,6.257793
[H][C@@]1(CN2CCC1C[C@@]2([H])[C@H](O)C1=CC=NC2=CC=CC=C12)C=C,Cinchonidine,,YES,294.39078,174,C19H22N2O,294.39078,S2282,,,Antifection,Free Base,485-71-2,6.234529
CC[C@@H]1NC(=O)[C@H]([C@H](O)[C@H](C)C\\C=C\\C)N(C)C(=O)C(C(C)C)N(C)C(=O)[C@H](CC(C)C)N(C)C(=O)[C@H](CC(C)C)N(C)C(=O)[C@@H](C)NC(=O)[C@H](C)NC(=O)[C@H](CC(C)C)N(C)C(=O)[C@@H](NC(=O)[C@H](CC(C)C)N(C)C(=O)CN(C)C1=O)C(C)C,Cyclosporin A,,NO,1202.61124,176,C62H111N11O12,1202.61124,S2286,,Cyclosporine A,phosphatase,Free Base,59865-13-3,6.2329865
[Cl-].C[N+](C)(C)CC(O)CC(O)=O,DL-Carnitine hydrochloride,,YES/NO,197.65984,179,C7H16ClNO3,197.65984,S2293,,,Others,Hydrochloride,461-05-2,5.865515
O.O.Cl.[H][C@@]12CCN(C[C@@H]1C=C)[C@@]([H])(C2)[C@H](O)C1=CC=NC2=C1C=C(OC)C=C2,Quinine hydrochloride dihydrate,,YES,396.90826,238,C20H29ClN2O4,396.90826,S2502,,,Potassium Channel,Hydrochloride dihydrate,6119-47-7 ,6.0919785
Br.[H][C@]12O[C@@]1([H])[C@]1([H])C[C@@H](C[C@@]2([H])N1C)OC(=O)[C@H](CO)C1=CC=CC=C1,Scopolamine hydrobromide,,YES,384.26488,239,C17H22BrNO4,384.26488,S2508,,,AChR,Hydrobromide,114-49-8,6.339952
Cl.[H][C@@]1(NC(=O)C(=N\\OC)\\C2=CSC(N)=N2)C(=O)N2C(C(O)=O)=C(CSC(=O)C3=CC=CO3)CS[C@]12[H],Ceftiofur hydrochloride ,,NO,560.02352,245,C19H18ClN5O7S3,560.02352,S2543,,,Antifection,Hydrochloride ,103980-44-5,7.2697897
OC(=O)C1=CC=CN=C1,Niacin (Nicotinic acid),,YES/NO,123.1094,248,C6H5NO2,123.1094,S1744,,"Vitamin B3, Niacinamide, Nicotinic acid",Vitamin,Free Base,59-67-6,5.797297
Cl.[H][C@@]1(CCN(C)C[C@H]1O)C1=C2OC(=CC(=O)C2=C(O)C=C1O)C1=C(Cl)C=CC=C1,Flavopiridol (Alvocidib) HCl,-6.8,YES,438.30114,260,C21H21Cl2NO5,438.30114,S2679,,,CDK,Hydrochloride,131740-09-5,6.609896
Cl.CC1=C(O)C(CO)=C(CO)C=N1,Pyridoxine hydrochloride,,YES/NO,205.63878,262,C8H12ClNO3,205.63878,S3113,,N/A ,Vitamin,Hydrochloride,58-56-0,6.2244935
[NaH].[NaH].CC1(C)SC2C(NC(=O)[C@H](C(O)=O)C3=CSC=C3)C(=O)N2C1C(O)=O,Ticarcillin sodium,,YES/NO,430.40688,289,C15H16N2Na2O6S2,430.40688,S3193,,N/A ,Others,Sodium,29457-07-6,6.1544576
CN1C2CCC1CC(C2)OC(=O)[C@H](CO)C1=CC=CC=C1,Hyoscyamine (Daturine),,YES,289.36942,321,C17H23NO3,289.36942,S4014,,,AChR,Free Base,101-31-5,6.2333283
CO[C@H]1\\C=C\\O[C@@]2(C)OC3=C(C2=O)C2=C(C(O)=C3C)C(=O)C(NC(=O)\\C(C)=C\\C=C\\[C@H](C)[C@H](O)[C@@H](C)[C@@H](O)[C@@H](C)[C@H](OC(C)=O)[C@@H]1C)=C1NC3(CCN(CC(C)C)CC3)N=C21,Rifabutin,,NO,847.00468,378,C46H62N4O11,847.00468,S1741,,"Mycobutin, Ansamycin, LM 427, Ansatipine",Antifection,Free Base,72559-06-9,6.10768
CO[C@H]1\\C=C\\O[C@@]2(C)OC3=C(C2=O)C2=C(O)C(\\C=N\\N4CCN(C)CC4)=C(NC(=O)C(C)=C\\C=C\\[C@H](C)[C@H](O)[C@@H](C)[C@@H](O)[C@@H](C)[C@H](OC(C)=O)[C@@H]1C)C(O)=C2C(O)=C3C,Rifampin,,NO,822.94022,379,C43H58N4O12,822.94022,S1764,,Rifampicin,DNA/RNA Synthesis,Free Base,13292-46-1,5.9477983
CO[C@H]1\\C=C\\O[C@@]2(C)OC3=C(C2=O)C2=C(O)C(\\C=N\\N4CCN(CC4)C4CCCC4)=C(NC(=O)C(C)=C\\C=C\\[C@H](C)[C@H](O)[C@@H](C)[C@@H](O)[C@@H](C)[C@H](OC(C)=O)[C@@H]1C)C(O)=C2C(O)=C3C,Rifapentine,,NO,877.03066,380,C47H64N4O12,877.03066,S1760,,Cyclopentylrifampicin,DNA/RNA Synthesis,Free Base,61379-65-5,6.201675
O.Cl.Cl.CCO.[H][C@@]12[C@@H](C)C3=CC=CC(O)=C3C(=O)C1=C(O)[C@]1(O)C(=O)C(C(N)=O)=C(O)[C@@H](N(C)C)[C@]1([H])[C@H]2O.[H][C@@]12[C@@H](C)C3=CC=CC(O)=C3C(=O)C1=C(O)[C@]1(O)C(=O)C(C(N)=O)=C(O)[C@@H](N(C)C)[C@]1([H])[C@H]2O,Doxycycline hyclate,,NO,1025.87472,383,C46H58Cl2N4O18,1025.87472,S4163,,,MMP,hyclate,24390-14-5,5.951244
CCCCCOC1=CC=C(C=C1)C1=CC=C(C=C1)C1=CC=C(C=C1)C(=O)N[C@H]1C[C@@H](O)[C@@H](O)NC(=O)[C@@H]2[C@@H](O)[C@@H](C)CN2C(=O)[C@@H](NC(=O)[C@@H](NC(=O)[C@@H]2C[C@@H](O)CN2C(=O)[C@@H](NC1=O)[C@@H](C)O)[C@H](O)[C@@H](O)C1=CC=C(O)C=C1)[C@@H](C)O,Anidulafungin (LY303366),,NO,1140.23692,387,C58H73N7O17,1140.23692,S4286,,,Antifection,Free Base,166663-25-8,6.3686943
CCCCCCCCCC(=O)N[C@@H](CC1=CNC2=C1C=CC=C2)C(=O)N[C@H](CC(N)=O)C(=O)N[C@@H](CC(O)=O)C(=O)N[C@H]1[C@@H](C)OC(=O)[C@H](CC(=O)C2=CC=CC=C2N)NC(=O)[C@@H](NC(=O)[C@@H](CO)NC(=O)CNC(=O)[C@H](CC(O)=O)NC(=O)[C@@H](C)NC(=O)[C@H](CC(O)=O)NC(=O)[C@H](CCCN)NC(=O)CNC1=O)[C@@H](C)CC(O)=O,Daptomycin,,NO,1620.67064,389,C72H101N17O26,1620.67064,S1373,,LY146032,Others,Free Base,103060-53-3,5.7770486
O.[H][C@]12[C@@H](C)C(S[C@@H]3CN[C@H](CNS(N)(=O)=O)C3)=C(N1C(=O)[C@]2([H])[C@@H](C)O)C(O)=O,Doripenem Hydrate,,NO,438.51954,390,C15H26N4O7S2,438.51954,S1374,,S-4661,Antifection,Hydrate,364622-82-2,6.279099
CC(C)(CO)[C@@H](O)C(=O)NCCC(=O)O[Ca]OC(=O)CCNC(=O)[C@H](O)C(C)(C)CO,Calcium D-Panthotenate,,NO,476.53208,394,C18H32CaN2O10,476.53208,S4503,,D-Pantothenic Acid Calcium,Vitamin,Free Base,137-08-6,5.8442807
[H][C@@]1(CCN(C)C[C@H]1O)C1=C2OC(=CC(=O)C2=C(O)C=C1O)C1=C(Cl)C=CC=C1,Flavopiridol (Alvocidib),,YES,401.8402,396,C21H20ClNO5,401.8402,S1230,,"NSC 649890 HCl,HMR-1275",CDK,Free Base,146426-40-6,6.609896
CC(C)(CO)C(O)C(=O)NCCCO,DL-Panthenol,,YES/NO,205.25146,410,C9H19NO4,205.25146,S4566,,"DL-Pantothenol, DL-Pantothenyl alcohol",Others,Free Base,16485-10-2,6.157236
[Na+].[H][C@]12SCC(COC(N)=O)=C(N1C(=O)[C@H]2NC(=O)C(=N/OC)\\C1=CC=CO1)C([O-])=O,Cefuroxime sodium,,NO,446.36707,422,C16H15N4NaO8S,446.36707,S4620,,,Antifection,Sodium Salt,56238-63-2,6.63466
C[C@H]1COC2=C3N1C=C(C(=O)C3=CC(=C2N4CCN(CC4)C)F)C(=O)O,Levofloxacin hydrate,,YES,361.3675032,424,C18H20FN3O4R,361.3675032,S4604,,"Levofloxacin hemihydrate, Levaquin hydrate, Tavanic hydrate, Quixin hydrate, Iquix hydrate, ",Topoisomerase,hydrate,138199-71-0,6.04614
[H][C@@]12CCN(C[C@@H]1CC)[C@]([H])(C2)[C@@H](O)C1=C2C=C(OC)C=CC2=NC=C1,Hydroquinidine,,YES,326.43264,431,C20H26N2O2,326.43264,S4658,,"Dihydroquinidine, Hydroconchinine, Hydroconquinine, Dihydroquinine",Others,Free Base,1435-55-8,6.0919785
[H][C@@]12C[C@H](C)CN[C@@]1([H])[C@@H](C)[C@@]1(CC[C@]3([H])C(C(=O)[C@@]4([H])[C@@]3([H])CC=C3C[C@@H](O)CC[C@]43C)=C1C)O2,Jervine,-7.6,YES,425.60346,451,C27H39NO3,425.60346,S4747,,11-Ketocyclopamine,Hedgehog/Smoothened,Free Base,469-59-0,6.276726
OC(=O)C1=CC=CN=C1C(O)=O,Quinolinic acid,,NO,167.1189,479,C7H5NO4,167.1189,S3624,,"pyridine-2,3-dicarboxylic acid, QUIN",NMDAR,free base,89-00-9,5.823187
CC(C)[C@H](NC(=O)[C@H](CC(O)=O)NC(=O)[C@H](CCCCN)NC(=O)[C@@H](N)CCCNC(N)=N)C(=O)N[C@@H](CC1=CC=C(O)C=C1)C(O)=O,Thymopentin,,NO,679.76496,489,C30H49N9O9,679.76496,S3668,,TP5,Immunology & Inflammation related,free base,69558-55-0,5.794362
O.O.OS(O)(=O)=O.[H][C@@]12CCN(C[C@@H]1C=C)[C@]([H])(C2)[C@@H](O)C1=CC=NC2=C1C=C(OC)C=C2.[H][C@@]12CCN(C[C@@H]1C=C)[C@]([H])(C2)[C@@H](O)C1=CC=NC2=C1C=C(OC)C=C2,Quinidine sulfate,,NO,782.94256,508,C40H54N4O10S,782.94256,S3751,,"Chinidin Sodium, Pitayine Sodium, \u00A6\u00C2-quinine Sodium, (+)-quinidine Sodium",sodium channels,sulfate dihydrate,6591-63-5,6.0919785
[H][C@@]1(CN2CCC1C[C@]2([H])[C@@H](O)C1=CC=NC2=CC=CC=C12)C=C,Cinchonine,,YES,294.39078,510,C19H22N2O,294.39078,S2283,,,Others,free base,118-10-5,6.234529
Cl.OC1=CC=C(CC2NCCC3=CC(O)=C(O)C=C23)C=C1,Higenamine hydrochloride,,YES,307.77202,524,C16H18ClNO3,307.77202,S3960,,Higenamine hydrochloride,"\u00A6\u00C22-adrenoceptor,\u00A6\u00C11-adrenoceptor",hydrochloride,11041-94-4,5.7569757
Cl.[H][C@]12C=C(OC)C(=O)C[C@]11CCN(C)C2CC2=C1C(O)=C(OC)C=C2,Sinomenine hydrochloride,,YES,365.85116,560,C19H24ClNO4,365.85116,S3758,,"Cucoline hydrochloride, Kukoline hydrochloride, Sabianine A hydrochloride",Immunology & Inflammation,hydrochloride,6080-33-7,5.9818177
[H][C@@]12CC=C3C[C@@H](O)CC[C@]3(C)[C@@]1([H])CC1=C(C)C(=CC=C21)[C@H](C)[C@]1([H])NC[C@@H](C)C[C@H]1O,Veratramine,-7.3,YES,409.60406,569,C27H39NO2,409.60406,S3911,,"NSC 17821, NSC 23880",Sodium Channel,free base,60-70-8,6.4977937
[H][C@@]12[C@H](O)C(OC)=C[C@@]11CCCN1CCC1=CC3=C(OCO3)C=C21,Cephalotaxine,,YES,315.36364,570,C18H21NO4,315.36364,S3912,,,Others,free base,24316-19-6,6.1233125
Cl.[H][C@@]12N3CCC1=C[C@H](O)[C@@H](O)[C@@]2([H])C1=C(C3)C=C2OCOC2=C1,Lycorine hydrochloride,,YES,323.77142,604,C16H18ClNO4,323.77142,S3800,,"Galanthidine hydrochloride, Amarylline hydrochloride, Narcissine hydrochloride, Licorine hydrochlorid",HCV proteases,hydrochloride,2188-68-3,6.254502
[H][C@@]12CC3=CN(C)C4=CC=CC(=C34)[C@]1(C[C@@H](COC(=O)C1=CN=CC(Br)=C1)CN2C)OC,Nicergoline,,YES,484.38554,635,C24H26BrN3O3,484.38554,S4797,,,Androgen Receptor,free base,27848-84-6,6.1361647
[H][C@]12CN3CCCC[C@]3([H])[C@]([H])(C1)C=C1CCCN[C@@]21[H],Aloperine,,YES,232.36446,637,C15H24N2,232.36446,S2420,,N/A ,Others,Free Base,56293-29-9,5.863053
Cl.[H][C@@]12CCCC3=CC=CC(C(=O)N(C1)[C@]1([H])CN4CCC1CC4)=C23,Palonosetron HCl,,YES,332.8676,641,C19H25ClN2O,332.8676,S3050,,N/A ,5-HT Receptor,HCL,135729-62-3,5.947124
Cl.CN1CC[C@H]([C@@H]1CO)C1=C(O)C=C(O)C2=C1OC(=CC2=O)C1=C(Cl)C=CC=C1,Riviciclib HCL,-6.7,YES,438.30114,642,C21H21Cl2NO5,438.30114,S8058,,,CDK,HCl,920113-03-7,6.25949
[H][C@@]12C[C@@]3(O)[C@H](C(=O)C4=CC=C(OC)C=C4)[C@]1([H])[C@@](C[C@@H]3OC)(OC(C)=O)[C@]1([H])[C@H](OC)[C@@]3([H])[C@]22C1N(CC)C[C@]3(COC)CC[C@@H]2OC,Bulleyaconi cine A,,,627.76486,651,C35H49NO9,627.76486,S3907,,"Bulleyaconitine A, Bulleyaconi cine A",Sodium channel,free base,107668-79-1,6.2969604
[H][C@@]12N3CCC1=C[C@H](O)[C@@H](O)[C@@]2([H])C1=CC2=C(OCO2)C=C1C3,Lycorine,,YES,287.31048,683,C16H17NO4,287.31048,S3903,,"Galanthidine, Amarylline, Narcissine, Licorine, Belamarine",acetylcholinesterase ,free base,476-28-8,6.254502
CC1=NC=C(CO)C(CO)=C1O,Pyridoxine,,YES,169.17784,731,C8H11NO3,169.17784,S3980,,"Pyridoxol, Vitamin B6, Gravidox",Others,free base,65-23-6,6.2244935
[H][C@@]1(NC(=O)C(=N/OC)\\C2=CC=CO2)C(=O)N2C(C(=O)OC(C)OC(C)=O)=C(COC(N)=O)CS[C@]12[H],Cefuroxime axetil,,NO,510.47448,732,C20H22N4O10S,510.47448,S4813,,,Antifection,free base,64544-07-6,6.905746
CN[C@@H]1C2=CC=C(OC3=CC(O)=C(Cl)C(=C3)[C@@H]3NC(=O)[C@@H](CC4=CC=C(OC5=C(O[C@@H]6O[C@@H]([C@@H](O)[C@H](O)[C@H]6NC(=O)CCCCCCCCC(C)C)C(O)=O)C6=CC(=C5)[C@@H](NC3=O)C(=O)N[C@@H]3C5=CC=C(O)C(=C5)C5=C(C=C(O)C=C5O[C@H]5O[C@H](CO)[C@@H](O)[C@H](O)[C@@H]5O)[C@H](NC(=O)[C@@H](NC3=O)[C@H](O)C3=CC(Cl)=C(O6)C=C3)C(=O)NCCCN(C)C)C=C4)NC1=O)C(O)=C2,Dalbavancin,,NO,1816.6918,761,C88H100Cl2N10O28,1816.6918,S4848,,zeven,Anti-infection,free base,171500-79-1,5.876168
O.[H]C(=O)C1=C(O)C(C)=NC=C1COP(O)(O)=O,Pyridoxal 5-phosphate monohydrate,,YES,265.157141,781,C8H12NO7P,265.157141,S4871,,,Vitamin,hydrate , 41468-25-1,6.40936
[Na+].[H][C@]12SC(=C(N1C(=O)[C@]2([H])[C@@H](C)O)C([O-])=O)[C@@]1([H])CCCO1,Faropenem Sodium,,YES/NO,307.29803,801,C12H14NNaO5S,307.29803,S4847,,,Anti-infection,,122547-49-3,6.2013917
[Na+].[Na+].[H][C@]12SCC(CSC3=NC(C)=C(CC([O-])=O)S3)=C(N1C(=O)[C@H]2NC(=O)C(=N\\OC)\\C1=CSC(N)=N1)C([O-])=O,Cefodizime Sodium,,NO,628.63246,802,C20H18N6Na2O7S4,628.63246,S4870,,,Anti-infection,disodium salt,86329-79-5,6.5906024
COC1=C(NS(=O)(=O)C2=CC=C(N)C=C2)N=CC=N1,Sulfalene(SMPZ),,YES,280.30298,805,C11H12N4O3S,280.30298,S4976,,"Butadiene sulfone, 3-Sulfolene",Others,free base,152-47-6,5.7692094
Cl.[H][C@](CC(C)C)(NC)C(=O)N[C@@H]1[C@H](O)C2=CC=C(OC3=CC4=CC(OC5=CC=C(C=C5Cl)[C@@H](O)[C@]5([H])NC(=O)[C@]([H])(NC(=O)[C@]4([H])NC(=O)[C@]([H])(CC(N)=O)NC1=O)C1=CC(=C(O)C=C1)C1=C(C=C(O)C=C1O)[C@H](NC5=O)C(O)=O)=C3O[C@@H]1O[C@H](CO)[C@@H](O)[C@H](O)[C@H]1O[C@H]1C[C@](C)(N)[C@H](O)[C@H](C)O1)C(Cl)=C2,Vancomycin HCl (Vancocin),,NO,1485.71454,831,C66H76Cl3N9O24,1485.71454,S2575,,,Antifection,HCl,1404-93-9 ,5.9744954
[H][C@]1(OC(=O)C2=C3OCOC3=CC=C12)[C@@]1([H])N(C)CCC2=CC3=C(OCO3)C=C12,(+)-Bicuculline,-6.8,YES,367.35208,834,C20H17NO6,367.35208,S7071,,D-Bicuculline,GABA Receptor,Free Base,485-49-4,6.0039816
Cl.CC1=C(OC2=C(C=CC=C2C(=O)OCCN2CCCCC2)C1=O)C1=CC=CC=C1,Flavoxate HCl,,YES,427.92054,837,C24H26ClNO4,427.92054,S4027,,,AChR,hydrochloride,3717-88-2,7.6711326
CCC(C)N1N=CN(C1=O)C1=CC=C(C=C1)N1CCN(CC1)C1=CC=C(OC[C@H]2CO[C@@](CN3C=NC=N3)(O2)C2=CC=C(Cl)C=C2Cl)C=C1,Itraconazole (Sporanox),,NO,705.63342,860,C35H38Cl2N8O4,705.63342,S2476,,Sporanox,P450 (e.g. CYP17),Free Base,84625-61-6,6.0915265
OS(O)(=O)=O.OS(O)(=O)=O.OS(O)(=O)=O.[H][C@@]1(O[C@H]2[C@H](O[C@@]3([H])[C@H](O)[C@@H](O)[C@H](NC(N)=N)[C@@H](O)[C@@H]3NC(N)=N)O[C@@H](C)[C@]2(O)C=O)O[C@@H](CO)[C@H](O)[C@@H](O)[C@@H]1NC.[H][C@@]1(O[C@H]2[C@H](O[C@@]3([H])[C@H](O)[C@@H](O)[C@H](NC(N)=N)[C@@H](O)[C@@H]3NC(N)=N)O[C@@H](C)[C@]2(O)C=O)O[C@@H](CO)[C@H](O)[C@@H](O)[C@@H]1NC,Streptomycin sulfate,,NO,1457.38356,869,C42H84N14O36S3,1457.38356,S2572,,,Antifection,1.5 Sulfate,3810-74-0 ,6.2111864
OS(O)(=O)=O.OS(O)(=O)=O.OS(O)(=O)=O.OS(O)(=O)=O.OS(O)(=O)=O.CCC(C)CCCC(=O)N[C@@H](CCN)C(=O)N[C@@H]([C@@H](C)O)C(=O)N[C@@H](CCN)C(=O)N[C@H]1CCNC(=O)[C@@H](NC(=O)[C@H](CCN)NC(=O)[C@H](CCN)NC(=O)[C@H](CC(C)C)NC(=O)[C@@H](CC(C)C)NC(=O)[C@H](CCN)NC1=O)[C@@H](C)O.CCC(C)CCCC(=O)N[C@@H](CCN)C(=O)N[C@@H]([C@@H](C)O)C(=O)N[C@@H](CCN)C(=O)N[C@H]1CCNC(=O)[C@@H](NC(=O)[C@H](CCN)NC(=O)[C@H](CCN)NC(=O)[C@H](CC(C)C)NC(=O)[C@@H](CC(C)C)NC(=O)[C@H](CCN)NC1=O)[C@@H](C)O,Colistin Sulfate,,NO,2801.26024,876,C104H206N32O46S5,2801.26024,S4029,,,Antifection,Sulfate,1264-72-8,5.9968534
[*].[H]C(=O)[C@H](CCCNC(N)=N)NC(=O)[C@H](CC(C)C)NC(=O)[C@H](CC(C)C)NC(C)=O,Leupeptin Hemisulfate,,YES/NO,426.55352,932,C20H38N6O4R,426.55352,S7380,,,Serine Protease,Free Base,103476-89-7,5.8282304
CC(C)C[C@H](NC(=O)[C@H](C)NC(=O)C[C@H](O)[C@H](CC(C)C)NC(=O)[C@@H](NC(=O)[C@@H](NC(=O)CC(C)C)C(C)C)C(C)C)[C@@H](O)CC(O)=O,Pepstatin A,,NO,685.89212,934,C34H63N5O9,685.89212,S7381,,,HIV Protease,Free Base,26305-03-3,6.112592
[H][C@@]12[C@@H]([C@@H](C)O)C(=O)N1C(C([O-])=O)=C(SC1CN3C=NC=[N+]3C1)[C@@H]2C,Biapenem,,YES/NO,350.39282,936,C15H18N4O4S,350.39282,S1370,,"L-627, LJC10627",Antifection,Free Base,120410-24-4,6.159243
CC1=C(CCN2CCC(CC2)C2=NOC3=C2C=CC(F)=C3)C(=O)N2CCCC(O)C2=N1,Paliperidone,-7.4,YES,426.4838832,937,C23H27FN4O3,426.4838832,S1724,,,Dopamine Receptor,Free Base,144598-75-4,5.799509
[*].CCCCCCCCCC(C)=O.CCCCC\\C=C\\CCC(C)=O.CC(C)CCCCCCC(C)=O.CCC(C)CCCCCCC(C)=O.CC(C)CCCCCCCC(C)=O.CC(=O)N[C@@H]1[C@@H](O)[C@H](O)[C@@H](CO)O[C@H]1O[C@H]1[C@@H]2NC(=O)[C@H](NC(=O)[C@@H]3NC(=O)[C@H]4NC(=O)[C@@H](CC5=CC=C(OC6=C(O[C@@H]7O[C@H](CO)[C@@H](O)[C@H](O)[C@H]7N[*])C(OC7=C(Cl)C=C1C=C7)=CC3=C6)C(Cl)=C5)NC(=O)[C@H](N)C1=CC(OC3=CC4=CC(O)=C3)=C(O)C=C1)C1=CC(=C(O)C=C1)C1=C(O[C@H]3O[C@H](CO)[C@@H](O)[C@H](O)[C@@H]3O)C=C(O)C=C1[C@@H](NC2=O)C(O)=O,Teicoplanin,,NO,2601.8972,938,C135H190Cl2N9O37R2,2601.8972,S1399,,Teichomycin,Antifection,Free Base,61036-62-2,5.967975
[H][C@]12NC3=C(C=CC=C3)[C@]1(C[C@]13SS[C@](CO)(N(C)C1=O)C(=O)N23)[C@]12C[C@]34SS[C@](CO)(N(C)C3=O)C(=O)N4[C@@]1([H])NC1=C2C=CC=C1,Chaetocin,,NO,696.83992,958,C30H28N6O6S4,696.83992,S8068,,,Histone Methyltransferase,Free Base,28097-03-2,6.2705417
O[C@H]1CCCN[C@@H]1CC(=O)CN1C=NC2=CC(Br)=C(Cl)C=C2C1=O,Halofuginone,,YES,414.68148,959,C16H17BrClN3O3,414.68148,S8144,,,Others,Free Base,55837-20-2,6.1755614
CC(C)(CO)[C@@H](O)C(=O)NCCCO,D panthenol,,YES/NO,205.25146,969,C9H19NO4,205.25146,S4695,,"Dexpanthenol, D-Panthenol, Pantothenol, Ilopan, D-Pantothenyl alcohol",Vitamin,Free Base,81-13-0,6.157236
OS(O)(=O)=O.CCC(C)CCCCC(=O)NC(CCN)C(=O)NC(C(C)O)C(=O)NC(CCN)C(=O)NC1CCNC(=O)C(NC(=O)C(CCN)NC(=O)C(CCN)NC(=O)C(CC(C)C)NC(=O)C(CC2=CC=CC=C2)NC(=O)C(CCN)NC1=O)C(C)O,Polymyxin B sulphate,,NO,1301.5552,974,C56H100N16O17S,1301.5552,S1395,,"Aerosporin, PMB, Poly-RX",Antifection,sulfate,"1405-20-5, 4135-11-9 (free base)",6.21936
CC[C@H](C)[C@H](NC(=O)[C@H]([C@@H](C)CC)N(C)C(C)=O)C(=O)NC(=O)[C@@H](N[C@@H](CC(C)C)C(=O)[C@@]1(C)CO1)[C@@H](C)O,Epoxomicin (BU-4061T),,NO,554.7192,976,C28H50N4O7,554.7192,S7038,,,Proteasome,Free Base,134381-21-8,6.003513
O.[H][C@]12CC(SCCNC=N)=C(N1C(=O)[C@]2([H])[C@@H](C)O)C(O)=O,Imipenem,,NO,317.36136,998,C12H19N3O5S,317.36136,S3667,,,AmpC \u00A6\u00C2-lactamase,hydrate,74431-23-5,6.2449083
COC1=CC=C(C[C@H]2N(C)CCC3=C2C=C(OC2=CC(C[C@@H]4N(C)CCC5=C4C=C(OC)C(OC)=C5)=CC=C2O)C(OC)=C3)C=C1,Neferine,,NO,624.76576,1013,C38H44N2O6,624.76576,S5144,,"(R)-1,2-Dimethoxyaporphine",Others,free base,2292-16-2,6.012935
CC1=NC=C(CSSCC2=CN=C(C)C(O)=C2CO)C(CO)=C1O,Pyrithioxin,,NO,368.471,1016,C16H20N2O4S2,368.471,S5141,,"Bonifen, Encefabol, Pyritinol, Vitamin B6 disulfide",Others,free base,1098-97-1,6.524197
[H][C@]1(CC2CCN1C[C@@H]2CC)[C@H](O)C1=CC=NC2=C1C=C(OC)C=C2,Hydroquinine,,YES,326.43264,1041,C20H26N2O2,326.43264,S5114,,Dihydroquinine,Others,free base,522-66-7,6.0919785
[H][C@@]12[C@@H](C)C3=C(C(O)=CC=C3)C(=O)C1=C(O)[C@]1(O)C(=O)C(C(N)=O)=C(O)[C@@H](N(C)C)[C@]1([H])[C@H]2O,Doxycycline,,YES/NO,444.43456,1058,C22H24N2O8,444.43456,S5159,,"Vibramycin, Doxytetracycline, Doxiciclina, Doxycyclinum",Antifection,free base,564-25-0,5.951244
NC1=CC=C(C=C1)S(=O)(=O)N([Na])C1=CN=C2C=CC=CC2=N1,Sulfaquinoxaline sodium,,YES,322.31751,1063,C14H11N4NaO2S,322.31751,S5031,,SQ-Na,Anti-infection,sodium salt,967-80-6,5.8364177
[H]C(=O)C1=C(O)C(C)=NC=C1COP(O)(O)=O,Pyridoxal phosphate,,YES,247.141861,1111,C8H10NO6P,247.141861,S5311,,"pyridoxal 5'-phosphate, PAL-P, PLP, Vitamin B6 phosphate",Vitamin,free base,54-47-7,6.40936
OC(=O)C1=CC=C[N+]([O-])=C1,Nicotinic acid N-oxide,,NO,139.1088,1113,C6H5NO3,139.1088,S4995,,"Oxiniacic acid, Nicotinic acid 1-oxide",Others,free base,2398-81-4,5.797297
Cl.CN1[C@H](C[C@H](O)C2=CC=CC=C2)CCC[C@@H]1CC(=O)C1=CC=CC=C1,Lobeline hydrochloride,,YES,373.91622,1149,C22H28ClNO2,373.91622,S3972,,,"AChR,Opioid Receptor",hydrochloride ,134-63-4,6.03441
O.O.O.[H][C@]1([C@@H](C)O)C(=O)N2C(C(O)=O)=C(S[C@@H]3CN[C@@H](C3)C(=O)N(C)C)[C@H](C)[C@]12[H],Meropenem Trihydrate,,NO,437.50834,1152,C17H31N3O8S,437.50834,S4846,,,Anti-infection,trihydrate ,119478-56-7,6.1229115
Cl.[H][C@@]1(NC(=O)C(=N/OC)\\C2=CSC(N)=N2)C(=O)N2C(C(=O)OCOC(=O)C(C)(C)C)=C(C)CS[C@]12[H],Cefetamet pivoxil hydrochloride,,NO,548.03274,1154,C20H26ClN5O7S2,548.03274,S4865,,,Anti-infection,hydrochloride ,111696-23-2,5.8438735
COC1=CC=C2CC3N(CCC4=CC5=C(OCO5)C=C34)CC2=C1OC,Tetrahydroberberine,,YES,339.38504,1160,C20H21NO4,339.38504,S5153,,Canadine,"Dopamine Receptor,5-HT Receptor",free base,522-97-4,5.7863536
[O-][N+](=O)C1=CC(=CC=C1C(=O)C1C(=O)CCCC1=O)C(F)(F)F,Nitisinone,-7,YES,329.2281096,1162,C14H10F3NO5,329.2281096,S5325,,,Others,free base,104206-65-7,6.08793
[Cl-].C[N+]1=CC2=C3OCOC3=CC=C2C2=CC=C3C=C4OCOC4=CC3=C12,Sanguinarine chloride,,YES,367.78246,1193,C20H14ClNO4,367.78246,S5452,,,phosphatase,chloride ,5578-73-4,5.979899
OC(=O)C1CCN1,Azetidine-2-carboxylic acid,,NO,101.10388,1230,C4H7NO2,101.10388,S5572,,,Others,free base,225452,5.767536
[H][C@]12SCC(CSC(=O)C3=CC=CO3)=C(N1C(=O)[C@H]2NC(=O)C(=N/OC)\\C1=CSC(N)=N1)C(O)=O,Ceftiofur,,NO,523.56258,1268,C19H17N5O7S3,523.56258,S5356,,,Anti-infection,free base,80370-57-6 ,7.2697897
OS(O)(=O)=O.[H][C@]12CC[C@]([H])(C[C@@H](C1)OC(=O)C(CO)C1=CC=CC=C1)N2C.[H][C@]12CC[C@]([H])(C[C@@H](C1)OC(=O)C(CO)C1=CC=CC=C1)N2C,Atropine sulfate,,NO,676.81732,1274,C34H48N2O10S,676.81732,S5493,,Sulfatropinol,Muscarinic AChR,sulfate , 55-48-1,6.2333283
CCN1CC2(COC)CCC(OC)C34C5CC6(O)C(OC(=O)C7=CC=C(OC)C=C7)C5C(CC6OC)(OC(C)=O)C(C(OC)C23)C14,Crassicauline A,,NO,643.76426,1320,C35H49NO10,643.76426,S9398,,,,free base,79592-91-9,5.8480177
COC1=CC2=C(C=C1OC)[C@@H](CC1=CC=C(O)C(OC3=CC4=C(CCN(C)[C@@H]4CC4=CC=C(O)C=C4)C=C3OC)=C1)N(C)CC2,Liensinine,,NO,610.73918,1333,C37H42N2O6,610.73918,S9411,,,,free base,2586-96-1,6.012935
O[Cl](=O)(=O)=O.O[Cl](=O)(=O)=O.COC1=CC2=C(C=C1OC)[C@@H](CC1=CC(OC3=C(OC)C=C4CCN(C)[C@H](CC5=CC=C(O)C=C5)C4=C3)=C(O)C=C1)N(C)CC2,Liensinine diperchlorate,,NO,811.65626,1344,C37H44Cl2N2O14,811.65626,S9424,,,,free base,5088-90-4,6.012935
Cl.[H][C@]12C[C@@]3([H])[C@]4([H])CC[C@@]5([H])C[C@@H](O)CC[C@]5(C)[C@@]4([H])CC[C@]3(C)[C@@]1([H])[C@H](C)[C@]1(CC[C@H](C)CN1)O2,Tomatidine,,NO,452.11264,1349,C27H46ClNO2,452.11264,S9430,,,,free base,6192-62-7,6.1559777
OS(O)(=O)=O.CN1[C@H](C[C@H](O)C2=CC=CC=C2)CCC[C@@H]1CC(=O)C1=CC=CC=C1.CN1[C@H](C[C@H](O)C2=CC=CC=C2)CCC[C@@H]1CC(=O)C1=CC=CC=C1,Lobelin sulphate,,NO,772.98904,1372,C44H56N2O8S,772.98904,S5844,,,AChR,sulphate,134-64-5,6.066524
O.O.O.Br.[H][C@]12O[C@@]1([H])[C@]1([H])C[C@@H](C[C@@]2([H])N1C)OC(=O)[C@H](CO)C1=CC=CC=C1,Scopolamine HBr trihydrate,,YES,438.31072,1380,C17H28BrNO7,438.31072,S5873,,,,HBr trihydrate,6533-68-2,6.339952
[Cl-].C[N+](C)(C)C[C@@H](O)CC(O)=O,L-Carnitine hydrochloride,,YES/NO,197.65984,1381,C7H16ClNO3,197.65984,S5874,,,,hydrochloride,10017-44-4,5.865515
[H][C@@]12[C@H](OC(=O)[C@@](O)(CCCC(C)(C)O)CC(=O)OC)C(OC)=C[C@@]11CCCN1CCC1=CC3=C(OCO3)C=C21,Homoharringtonine,,NO,545.62126,1391,C29H39NO9,545.62126,S9015,,,,,26833-87-4,5.9642262
[H][C@]12CC3=CC(O)=C(OC)C=C3C3=C1C(CCN2C)=CC(O)=C3OC,Boldine,,YES,327.37434,1405,C19H21NO4,327.37434,S9050,,free base,476-70-0,,,6.03045
[H][C@@]12[C@H](OC(=O)C(O)(CCC(C)(C)O)CC(=O)OC)C(OC)=C[C@@]11CCCN1CCC1=CC3=C(OCO3)C=C21,Harringtonine,,NO,531.59468,1418,C28H37NO9,531.59468,S9063,,free base,26833-85-2,,,5.8246627
[H][C@@]12C[C@]3([C@H](O)C1=C)[C@@]1([H])C[C@@]4([H])[C@@]5([C@@H](O)CC[C@@]4(C)CN(CC)[C@]15[H])[C@]3([H])CC2=O,Songorine,,YES,357.48644,1420,C22H31NO3,357.48644,S9065,,free base,509-24-0,,,6.1615396
[H][C@]12N(C)CC3=C(C=CC4=C3OCO4)[C@@]1(C)[C@@H](O)CC1=C2C=C2OCOC2=C1,Corynoline,,YES,367.39514,1439,C21H21NO5,367.39514,S9085,,free base,18797-79-0,,,6.183892
[H][C@@]12CC3=C(C=C(OC)C(O)=C3)C3=C(O)C(OC)=CC(CCN1)=C23,Norisoboldine,-7,YES,313.34776,1446,C18H19NO4,313.34776,S9092,,free base,23599-69-1,,,5.9222584
[H][C@@]12CC[C@@]3([H])[C@@]([H])(CN4C[C@@H](C)CC[C@@]4([H])[C@@]3(C)O)[C@]1([H])C[C@@]1([H])[C@@]2([H])CC(=O)[C@@]2([H])C[C@@H](O)CC[C@]12C,Peiminine,,YES/NO,429.63522,1491,C27H43NO3,429.63522,S9148,,free base,18059-10-4,,,6.327785
COC1=CC2=C(C=C1O)[C@@H](CC1=CC(OC3=CC=C(C[C@H]4N(C)CCC5=C4C=C(OC)C(OC)=C5)C=C3)=C(O)C=C1)N(C)CC2,Daurisoline,,YES/NO,610.73918,1493,C37H42N2O6,610.73918,S9150,,free base,70553-76-3,,,6.012935
[H][C@]12[C@@H](O)CC3=C(C=C4OCOC4=C3)[C@@]1([H])N(C)CC1=C2C=CC2=C1OCO2,Chelidonine,-7.1,YES,353.36856,1497,C20H19NO5,353.36856,S9154,,free base,476-32-4,,,6.3132257
[H][C@@]12CC3=C(C[N+]1(C)CCC1=CC(OC)=C(O)C=C21)C=C(OC)C(O)=C3,Phellodendrine,,YES,342.40886,1509,C20H24NO4+,342.40886,S9172,,free base,6873-13-8,,,6.3055797
[H][C@@]12CC3=C(C=CC(OC)=C3OC)C3=C1C(CCN2C)=CC1=C3OCO1,Crebanine,,YES,339.38504,1517,C20H21NO4,339.38504,S9182,,free base,25127-29-1,,,5.845988
[Cl-].COC1=CC2=C(C=C1OC)C1=C(C3=C(C=C1)C=C1OCOC1=C3)[N+](C)=C2,Nitidine Chloride,,YES,383.82492,1520,C21H18ClNO4,383.82492,S9185,,free base,13063-04-2,,,6.1564
O[Cl](=O)(=O)=O.COC1=CC2=C(C=C1OC)[C@@H](CC1=CC=C(O)C(OC3=CC4=C(CCN(C)[C@@H]4CC4=CC=C(O)C=C4)C=C3OC)=C1)N(C)CC2,Liensinine perchlorate,,NO,711.19772,1521,C37H43ClN2O10,711.19772,S9186,,free base,2385-63-9,,,6.012935
[H][C@@](C)(O)[C@]1([H])NC(=O)[C@H](C[C@@H](O)[C@@H](O)NC(=O)[C@]2([H])[C@@H](O)CCN2C(=O)[C@@]([H])(NC(=O)[C@@]([H])(NC(=O)[C@]2([H])C[C@@H](O)CN2C1=O)[C@H](O)[C@@H](O)C1=CC=C(O)C=C1)[C@@]([H])(O)CC(N)=O)NC(=O)CCCCCCCCC(C)CC(C)CC,Pneumocandin B0,,NO,1065.2136,1529,C50H80N8O17,1065.2136,S9200,,free base,135575-42-7,,,6.3178864
C[N+]12CCC3=CC4=C(OCO4)C=C3C1(O)CC1=C(C2)C2=C(OCO2)C=C1,Hydroprotopine,-6.9,YES,354.3765,1532,C20H20NO5+,354.3765,S9206,,free base,128397-41-1,,,5.8122883
[H][C@]12CCCN[C@]11CC(C)=C[C@H]2CC2=C1C=CC(=O)N2,Huperzine B,,YES,256.3428,1538,C16H20N2O,256.3428,S9219,,free base,103548-82-9,,,5.9320903
[Cl-].[H][C@@]12CC3=C(C[NH+]1CCC1=CC4=C(OCO4)C=C21)C1=C(OCO1)C=C3,Stylopine hydrochloride,,YES/NO,359.80352,1539,C19H18ClNO4,359.80352,S9220,,free base,96087-21-7,,,5.8822904
[H][C@]12C[C@]3([H])[C@]([H])([C@H]1O)[C@](O)(C[C@@H]2OC)[C@@]1([H])C[C@@]2([H])[C@]33C1N(CC)C[C@]2(COC)CC[C@@H]3OC,Talatisamine 2D,-12.4,YES,421.57016,1542,C24H39NO5,421.57016,S9223,,free base,20501-56-8,,,6.2847095
[H][C@@]12CC[C@]3([H])[C@@]([H])(CN4C[C@@H](C)CC[C@@]4([H])[C@@]3(C)O)[C@]1([H])C[C@@]1([H])[C@@]2([H])CC(=O)[C@@]2([H])C[C@@H](O)CC[C@]12C,Imperialine,-7.1,YES/NO,429.63522,1552,C27H43NO3,429.63522,S9233,,free base,61825-98-7,,,6.327785
[Cl-].[H][C@@]12CC3=C(C[N+]1(C)CCC1=C2C=C(O)C(OC)=C1)C=C(OC)C(O)=C3,Phellodendrine chloride,,YES/NO,377.86186,1561,C20H24ClNO4,377.86186,S9245,,free base,104112-82-5,,,6.3055797
[H][C@]12[C@@H](C)C3=C(CN1CCC1=C2C=C(OC)C(OC)=C1)C(OC)=C(OC)C=C3,Corydaline,,YES,369.45408,1567,C22H27NO4,369.45408,S9252,,free base,518-69-4,,,5.8702435
[H][C@@]12C[C@H]3OCC1C1CC4(C3=NC3=CC=CC=C43)[C@]2(CN1C)C=C,Koumine 2D,,YES,306.40148,1580,C20H22N2O,306.40148,S9272,,free base,1358-76-5,,,6.0224643
[H][C@@]12CC[C@@]3([H])[C@@]([H])(CN4C[C@@H](C)CC[C@@]4([H])[C@@]3(C)O)[C@]1([H])C[C@@]1([H])[C@@]2([H])C[C@H](O)[C@@]2([H])C[C@@H](O)CC[C@]12C,Peimine,,YES/NO,431.6511,1587,C27H45NO3,431.6511,S9281,,free base,23496-41-5,,,5.881878
[H][C@@]12C[C@@]3([H])OC[C@@H]1[C@@]1([H])N(C)C[C@]2(C=C)[C@@]1([H])[C@@]31C(=O)NC2=CC=CC=C12,Gelsemine,,YES,322.40088,1599,C20H22N2O2,322.40088,S9294,,free base,509-15-9,,,5.7837987
COC1=CC2=C(C=C1OC)[C@@H](CC1=CC=C(OC3=C(O)C=CC(C[C@H]4N(C)CCC5=C4C=C(OC)C(OC)=C5)=C3)C=C1)N(C)CC2,Dauricine,,NO,624.76576,1600,C38H44N2O6,624.76576,S9295,,free base,524-17-4,,,6.012935
CN1[C@H]2C[C@@H](C[C@@H]1[C@H]1O[C@@H]21)OC(=O)[C@H](CO)C1=CC=CC=C1,Scopolamine,,YES,303.35294,1622,C17H21NO4,303.35294,S9326,,free base,51-34-3,,,6.339952
[H][C@]12C[C@]34[C@H](O)[C@@]1([H])[C@@]1([H])C[C@]([H])(N2[C@H](O)[C@H]1CC)[C@]3([H])N(C)C1=CC=CC=C41,Ajmaline,,YES,326.43264,1623,C20H26N2O2,326.43264,S5371,,free base,898839,,,6.1474037
[H][C@]12[C@@H](C)C(S[C@@H]3CN[C@H](CNS(N)(=O)=O)C3)=C(N1C(=O)[C@]2([H])[C@@H](C)O)C(O)=O,Doripenem,,NO,420.50426,1625,C15H24N4O6S2,420.50426,S5531,,free base,148016-81-3,,,6.279099
C1CNCCN1.[H][C@@]12CCC(=O)[C@@]1(C)CC[C@]1([H])C3=C(CC[C@@]21[H])C=C(OS(O)(=O)=O)C=C3,Estropipate,,YES,436.56488,1642,C22H32N2O5S,436.56488,S5288,,,7280-37-7,,,5.976154
C[N+]1=CC2=C3OCOC3=CC=C2C2=C1C1=CC3=C(OCO3)C=C1C=C2,Sanguinarine,-6.9,YES,332.32946,1665,C20H14NO4+,332.32946,S9032,,free base,2447-54-3,,,5.979899
[H][C@]12C[C@@]3([H])[C@]4([H])CC=C5C[C@H](CC[C@]5(C)[C@@]4([H])CC[C@]3(C)[C@@]1([H])[C@H](C)C1(CC[C@@H](C)CN1)O2)O[C@H]1O[C@H](CO)[C@@H](O[C@H]2O[C@@H](C)[C@H](O)[C@@H](O)[C@H]2O)[C@H](O)[C@H]1O,Khasianine,,NO,721.91762,1672,C39H63NO11,721.91762,S9012,,free base,32449-98-2,,,6.3673472
CN1C2CC(O)C1CC(C2)OC(=O)C(CO)C1=CC=CC=C1,Raceanisodamine,,YES,305.36882,1713,C17H23NO4,305.36882,S5705,,free base,17659-49-3,,,6.310577
C[C@@H](O)[C@H](N)C(O)=O,L-Threonine,,NO,119.11916,1725,C4H9NO3,119.11916,S4951,,Free Base,72-19-5,,,5.7584968
O.Br.[H][C@]12O[C@@]1([H])[C@]1([H])C[C@@H](C[C@@]2([H])[N+]1(C)[O-])OC(=O)[C@H](CO)C1=CC=CC=C1,Scopolamine N-Oxide HydrobroMide Monohydrate,,YES,418.27956,1740,C17H24BrNO6,418.27956,S5699,,Monohydrate,6106-81-6,,,6.339952
[H][C@]12NC(=O)[C@H](CC(N)=O)NC(=O)[C@H](NC(=O)[C@@H](CC(C)C)NC)[C@H](O)C3=CC(Cl)=C(OC4=C(O[C@@H]5O[C@H](CO)[C@@H](O)[C@H](O)[C@H]5O[C@H]5C[C@](C)(N)[C@H](O)[C@H](C)O5)C(OC5=C(Cl)C=C(C=C5)[C@@H](O)[C@@H]5NC(=O)[C@H](NC1=O)C1=CC(=C(O)C=C1)C1=C(C=C(O)C=C1O)[C@H](NC5=O)C(O)=O)=CC2=C4)C=C3,Vancomycin,,NO,1449.2536,1759,C66H75Cl2N9O24,1449.2536,S5784,,Free Base,1404-90-6,,,5.9744954
Br.CN1[C@@H]2C[C@H](O)[C@H]1C[C@H](C2)OC(=O)[C@H](CO)C1=CC=CC=C1,Anisodamine Hydrobromide,,YES,386.28076,1815,C17H24BrNO4,386.28076,S9560,,Hydrobromide,55449-49-5,,,6.310577
O.O.O.O.O.O.O.OS(O)(=O)=O.[H][C@@]12N3C4=C(C=C(OC)C(OC)=C4)[C@@]11CCN4CC5=CCO[C@@]([H])(CC3=O)[C@]2([H])[C@H]5C[C@@H]14.[H][C@@]12N3C4=C(C=C(OC)C(OC)=C4)[C@@]11CCN4CC5=CCO[C@@]([H])(CC3=O)[C@]2([H])[C@H]5C[C@@H]14,Brucine sulfate heptahydrate,,NO,1013.11252,1832,C46H68N4O19S,1013.11252,S6172,,heptahydrate,60583-39-3,,,5.958959
COC(=O)C1=CC=CN=C1,Methyl nicotinate,,NO,137.13598,1856,C7H7NO2,137.13598,S6231,,free base,93-60-7,,,7.048116
OC(=O)C1=CC=NC=C1,Isonicotinic acid,,NO,123.1094,1863,C6H5NO2,123.1094,S6014,,free base,55-22-1,,,5.913485
O.[H][C@@]12[C@@H](C)C3=C(C(O)=CC=C3)C(=O)C1=C(O)[C@]1(O)C(=O)C(C(N)=O)=C(O)[C@@H](N(C)C)[C@]1([H])[C@H]2O,Doxycycline monohydrate,,NO,462.44984,1892,C22H26N2O9,462.44984,S6068,,monohydrate,17086-28-1,,,5.951244
[*].[H]C(=O)C1=C(O)C(C)=NC=C1COP(O)(O)=O,Pyridoxal 5\u00A1\u00E4-phosphate hydrate,,YES,247.141861,1921,C8H10NO6PR,247.141861,S6115,,hydrate,853645-22-4,,,6.40936
OC(=O)C1=NC=CC=C1O,3-Hydroxypicolinic acid,,NO,139.1088,1953,C6H5NO3,139.1088,S6252,,free base,874-24-8,,,6.5201364
[H][C@]12C[C@@]3([H])[C@]4([H])CC=C5C[C@H](CC[C@]5(C)[C@@]4([H])CC[C@]3(C)[C@@]1([H])[C@H](C)[C@@]1(CC[C@@H](C)CN1)O2)O[C@@H]1O[C@H](CO)[C@H](O)[C@H](O[C@@H]2O[C@H](CO)[C@@H](O)[C@H](O)[C@H]2O)[C@H]1O[C@@H]1O[C@@H](C)[C@H](O)[C@@H](O)[C@H]1O,Solasonine,,NO,884.05822,2106,C45H73NO16,884.05822,S9144,,Free Base,19121-58-5,,,6.3673472
[H][C@]12C[C@@]3([H])[C@]4([H])CC=C5C[C@H](CC[C@]5(C)[C@@]4([H])CC[C@]3(C)[C@@]1([H])[C@H](C)[C@@]1(CC[C@@H](C)CN1)O2)O[C@]1([H])O[C@H](CO)[C@@H](O[C@]2([H])O[C@@H](C)[C@H](O)[C@@H](O)[C@H]2O)[C@H](O)[C@H]1O[C@]1([H])O[C@@H](C)[C@H](O)[C@@H](O)[C@H]1O,Solamargine,,NO,868.05882,2107,C45H73NO15,868.05882,S9145,,Free Base,20311-51-7,,,6.3673472
[Na+].[Na+].[H][C@@]12CC[C@H](OP([O-])([O-])=O)[C@@]1(C)CC[C@]1([H])C3=C(CC[C@@]21[H])C=C(OC(=O)N(CCCl)CCCl)C=C3,Estramustine phosphate sodium,,NO,564.346701,2114,C23H30Cl2NNa2O6P,564.346701,S2441,,Phosphate sodium,52205-73-9,,,6.070581
CCCCCCCC1=CC(=O)C2=CC=CC=C2N1O,HQNO,,YES,259.34344,2117,C16H21NO2,259.34344,S8970,,Free Base,341-88-8,,,5.817776
Cl.CC1=C2C=CN=CC2=C(C)C2=C1NC1=CC=CC=C21,Ellipticine hydrochloride,-8.2,YES,282.7674,2120,C17H15ClN2,282.7674,S6790,,Hydrochloride,5081-48-1,,,5.946102
COC1N(C)C2=C(C=CC3=C2C=C2OCOC2=C3)C2=CC3=C(OCO3)C=C12,6-Methoxydihydrosanguinarine,-6.8,YES,363.36338,2124,C21H17NO5,363.36338,S0906,,free base,151890-26-5,,,5.9031277
CC1CCC2=C(C=CC=N2)C(=O)OCC2(C)OC34C(OC(C)=O)C2C(OC(C)=O)C(OC(C)=O)C3(COC(C)=O)C(OC(C)=O)C(OC(=O)C2=COC=C2)C(OC1=O)C4(C)O,Wilforgine,,NO,857.80718,2128,C41H47NO19,857.80718,S0973,,free base,37239-47-7,,,5.9764233
C[N+]1=CC(=CC=C1)C([O-])=O,Trigonelline,,NO,137.13598,2139,C7H7NO2,137.13598,S3220,,free base,535-83-1,,,6.0155387
COC[C@]12CN(C)C3[C@@H]4[C@H](OC)[C@H]1[C@]3([C@@H]1C[C@@]3(O)[C@H](OC(=O)C5=CC=CC=C5)[C@@H]1[C@]4(OC(C)=O)[C@@H](O)[C@@H]3OC)[C@H](C[C@H]2O)OC,Mesaconitine,,NO,631.7105,2147,C33H45NO11,631.7105,S3236,,free base,2752-64-9,,,6.0564313
[H][C@@]12C[C@@]3(O)[C@H](OC(=O)C4=CC=CC=C4)[C@]1([H])[C@](OC(C)=O)([C@@H](O)[C@@H]3OC)[C@@]1([H])[C@H](OC)[C@@]3([H])[C@]22C1N(CC)C[C@]3(COC)CC[C@@H]2OC,Deoxyaconitine,,NO,629.73768,2148,C34H47NO10,629.73768,S3237,,free base,3175-95-9,,,6.0564313
[H][C@]12CC3=C(CN1CCC1=CC(O)=C(OC)C=C21)C(OC)=C(OC)C=C3,Corypalmine,,YES,341.40092,2156,C20H23NO4,341.40092,S3249,,free base,"27313-86-6, 13063-54-2",,,6.044086
CN1CC2=C(C=CC3=C2OCO3)[C@@]2(C)[C@H](CC3=CC4=C(OCO4)C=C3[C@@H]12)OC(C)=O,Acetylcorynoline,,YES,409.43182,2172,C23H23NO6,409.43182,S3269,,free base,18797-80-3,,,6.225258
[H][C@@]12CCN3CC4=C(C=C5OCOC5=C4)[C@]([H])([C@H](O)[C@@H](O)C1)[C@@]23[H],Dihydrolycorine,,YES,289.32636,2187,C16H19NO4,289.32636,S3285,,free base,6271-21-2,,,6.245308
OC1=CC=C(CC2NCCC3=CC(O)=C(O)C=C23)C=C1,Demethyl-Coclaurine,-6.9,YES,271.31108,2194,C16H17NO3,271.31108,S3294,,free base,5843-65-2,,,5.7569757
C1OC2=CC3=C(C=C2O1)C1CC2=CC=C4OCOC4=C2CN1CC3,Stylopine (Trahydocoptisine),-7.2,YES,323.34258,2204,C19H17NO4,323.34258,S3304,,free base,4312-32-7,,,6.038387
[H]N[C@@H](CC1=CN=CN1)C(=O)N[C@@H](CO)C(=O)N[C@@H](CC(O)=O)C(=O)NCC(=O)N[C@@H]([C@H](C)CC)C(=O)N[C@@H](CC1=CC=CC=C1)C(=O)N[C@@H]([C@H](C)O)C(=O)N[C@@H](CC(O)=O)C(=O)N[C@@H](CO)C(=O)N[C@@H](CC1=CC=C(O)C=C1)C(=O)N[C@@H](CO)C(=O)N[C@@H](CCCNC(N)=N)C(=O)N[C@@H](CC1=CC=C(O)C=C1)C(=O)N[C@@H](CCCNC(N)=N)C(=O)N[C@@H](CCCCN)C(=O)N[C@@H](CCC(N)=O)C(=O)N[C@@H](CCSC)C(=O)N[C@H](C)C(=O)N[C@@H](C(C)C)C(=O)N[C@@H](CCCCN)C(=O)N[C@@H](CCCCN)C(=O)N[C@@H](CC1=CC=C(O)C=C1)C(=O)N[C@@H](CC(C)C)C(=O)N[C@H](C)C(=O)N[C@H](C)C(=O)N[C@@H](C(C)C)C(=O)N[C@@H](CC(C)C)C(N)=O,PACAP 1-27,,NO,3147.60756,2232,C142H224N40O39S,3147.60756,S8414,,Free Base,127317-03-7,,,6.06062
[H]N[C@@H](CC1=CN=CN1)C(=O)N[C@@H](CO)C(=O)N[C@@H](CC(O)=O)C(=O)NCC(=O)N[C@@H]([C@H](C)CC)C(=O)N[C@@H](CC1=CC=CC=C1)C(=O)N[C@@H]([C@H](C)O)C(=O)N[C@@H](CC(O)=O)C(=O)N[C@@H](CO)C(=O)N[C@@H](CC1=CC=C(O)C=C1)C(=O)N[C@@H](CO)C(=O)N[C@@H](CCCNC(N)=N)C(=O)N[C@@H](CC1=CC=C(O)C=C1)C(=O)N[C@@H](CCCNC(N)=N)C(=O)N[C@@H](CCCCN)C(=O)N[C@@H](CCC(N)=O)C(=O)N[C@@H](CCSC)C(=O)N[C@H](C)C(=O)N[C@@H](C(C)C)C(=O)N[C@@H](CCCCN)C(=O)N[C@@H](CCCCN)C(=O)C(=O)[C@H](CC1=CC=C(O)C=C1)NC(=O)[C@H](CC(C)C)NC(=O)[C@@H](C)NC(=O)[C@@H](C)NC(=O)[C@@H](NC(=O)[C@H](CC(C)C)NC(=O)CNC(=O)[C@H](CCCCN)NC(=O)[C@H](CCCNC(N)=N)NC(=O)[C@H](CC1=CC=C(O)C=C1)NC(=O)[C@H](CCCCN)NC(=O)[C@H](CCC(N)=O)NC(=O)[C@H](CCCNC(N)=N)NC(=O)[C@@H](NC(=O)[C@H](CCCCN)NC(=O)[C@H](CC(N)=O)NC(=O)[C@H](CCCCN)NN)C(C)C)C(C)C,PACAP 1-38,,NO,4534.25554,2233,C203H331N63O53S,4534.25554,S8415,,Free Base,137061-48-4,,,6.074515
[Cl-].COC1=CC=C2C=C3C4=C(CC[N+]3=CC2=C1O)C=C1OCOC1=C4,Berberrubine,,YES,357.78764,2255,C19H16ClNO4,357.78764,S9237,,Free Base,15401-69-1,,,5.785499
COC1=CC=C(C[C@H]2N(C)CCC3=C2C=C(OC2=C(O)C=CC(C[C@H]4N(C)CCC5=C4C=C(O)C(OC)=C5)=C2)C(OC)=C3)C=C1,Isoliensinine,,NO,610.73918,2257,C37H42N2O6,610.73918,S9247,,Free Base,6817-41-0,,,6.012935
[H][C@]12C[C@@]3([H])[C@]4([H])CC[C@@]5([H])C[C@H](CC[C@]5(C)[C@@]4([H])CC[C@]3(C)[C@@]1([H])[C@H](C)[C@]1(CC[C@H](C)CN1)O2)O[C@@H]1O[C@H](CO)[C@H](O[C@@H]2O[C@H](CO)[C@@H](O)[C@H](O[C@@H]3OC[C@@H](O)[C@H](O)[C@H]3O)[C@H]2O[C@@H]2O[C@H](CO)[C@@H](O)[C@H](O)[C@H]2O)[C@H](O)[C@H]1O,Tomatine,,NO,1034.18812,2276,C50H83NO21,1034.18812,S9444,,Free Base,17406-45-0,,,6.250542
O=C(CC1=CC=CC=C1)N[C@H]1CCC(=O)NC1=O,Antineoplaston A10,,YES,246.26186,2280,C13H14N2O3,246.26186,S0323,,Free Base,91531-30-5,,,5.8163114
CC(C)C[C@H](NC(C)=O)C(O)=O,N-Acetyl-L-leucine,,YES,173.2096,2323,C8H15NO3,173.2096,S3109,,Free Base,1188-21-2,,,5.8922734
Cl.CC1=NC=C(CO)C(C=O)=C1O,Pyridoxal hydrochloride,,YES,203.6229,2324,C8H10ClNO3,203.6229,S3111,,Free Base,65-22-5,,,6.3786187
CNC(=O)C1=CC=CN=C1,N-Methylnicotinamide,,NO,136.15122,2359,C7H8N2O,136.15122,S3321,,Free Base,114-33-0,,,6.2391405
[H]NCC(=O)N[C@@H]([C@H](C)CC)C(=O)NCC(=O)N[C@H](C)C(=O)N[C@@H](C(C)C)C(=O)N[C@@H](CC(C)C)C(=O)N[C@@H](CCCCN)C(=O)N[C@@H](C(C)C)C(=O)N[C@@H](CC(C)C)C(=O)N[C@@H]([C@H](C)O)C(=O)N[C@@H]([C@H](C)O)C(=O)NCC(=O)N[C@@H](CC(C)C)C(=O)N1CCC[C@H]1C(=O)N[C@H](C)C(=O)N[C@@H](CC(C)C)C(=O)N[C@@H]([C@H](C)CC)C(=O)N[C@@H](CO)C(=O)N[C@@H](CC1=CNC2=C1C=CC=C2)C(=O)C(=O)[C@@H](NC(=O)[C@H](CCCCN)NN[C@@H](CCCNC(N)=N)C(=O)N[C@@H](CCCCN)C(=O)N[C@@H](CCCNC(N)=N)C(=O)N[C@@H](CCC(N)=O)C(=O)N[C@@H](CCC(N)=O)C(N)=O)[C@H](C)CC,Melittin,,NO,2846.46266,2412,C131H229N39O31,2846.46266,S9794,,Free Base,20449-79-0,,,6.1308885
C[N+](C)(C)CC(O)CC([O-])=O,DL-Carnitine,,NO,161.1989,2421,C7H15NO3,161.1989,S5937,,Free Base,"461-06-3, 406-76-8",,,5.8224783
CN1[C@H]2CC[C@@H]1C[C@@H](C2)OC(=O)C(CO)C1=CC=CC=C1,Atropine,,YES,289.36942,2422,C17H23NO3,289.36942,S4713,,Free Base,51-55-8,,,6.2333283
O.Cl.[H][C@@]1(C[C@@H]2CCN1C[C@@H]2C=C)[C@@H](O)C1=C2C=C(OC)C=CC2=NC=C1,Quinidine hydrochloride monohydrate,,YES,378.89298,2432,C20H27ClN2O3,378.89298,S4681,,Hydrochloride monohydrate,6151-40-2,,,6.0919785
COC1=CC2=C(C=CN=C2C=C1)[C@@H](O)[C@@H]1C[C@@H]2CCN1C[C@@H]2C=C,Quinine,,YES,324.41676,2442,C20H24N2O2,324.41676,S4495,,Free Base,130-95-0,,,6.0919785
CO[C@H]1\\C=C\\O[C@@]2(C)OC3=C(C2=O)C2=C(C(O)=C3C)C(=O)C(NC(=O)\\C(C)=C/C=C/[C@H](C)[C@H](O)[C@@H](C)[C@@H](O)[C@@H](C)[C@H](OC(C)=O)[C@@H]1C)=CC2=O,Rifamycin S,-6.7,YES,695.7527,2443,C37H45NO12,695.7527,S4425,,Free Base,13553-79-2,,,5.9187865
[H]C(=O)[C@H](CC(C)C)NN[C@@H](CC(C)C)C(=O)NCC(=O)N[C@@H](CC(O)=O)C(=O)N[C@@H](CC1=CC=CC=C1)C(=O)N[C@@H](CC1=CC=CC=C1)C(=O)N[C@@H](CCCNC(N)=N)C(=O)N[C@@H](CCCCN)C(=O)N[C@@H](CO)C(=O)N[C@@H](CCCCN)C(=O)N[C@@H](CCC(O)=O)C(=O)N[C@@H](CCCCN)C(=O)N[C@@H]([C@H](C)CC)C(=O)NCC(=O)N[C@@H](CCCCN)C(=O)N[C@@H](CCC(O)=O)C(=O)N[C@@H](CC1=CC=CC=C1)C(=O)N[C@@H](CCCCN)C(=O)N[C@@H](CCCNC(N)=N)C(=O)C(=O)[C@@H](NN[C@@H](C(C)C)C(=O)N[C@@H](CCC(N)=O)C(=O)N[C@@H](CCCNC(N)=N)C(=O)N[C@@H]([C@H](C)CC)C(=O)N[C@@H](CCCCN)C(=O)N[C@@H](CC(O)=O)C(=O)N[C@@H](CC1=CC=CC=C1)C(=O)N[C@@H](CC(C)C)C(=O)N[C@@H](CCCNC(N)=N)C(=O)N[C@@H](CC(N)=O)C(=O)N[C@@H](CC(C)C)C(=O)N[C@@H](C(C)C)C(=O)N1CCC[C@H]1C(=O)N[C@@H](CCCNC(N)=N)C(=O)N[C@@H]([C@H](C)O)C(=O)N[C@@H](CCC(O)=O)C(=O)C(=O)[C@H](CO)NO)[C@H](C)CC,LL37 (Human cathelicidin),,NO,4493.2633,2444,C205H340N60O53,4493.2633,P1201,,Free Base,154947-66-7,,,5.969787
[Cl-].C[N+](C)(C)C[C@H](O)CC(O)=O,L-Carnitine hydrochloride,,NO,197.65984,2449,C7H16ClNO3,197.65984,S5922,,Hydrochloride,6645-46-1,,,5.865515
N[C@@H](CCCN=C(N)N)C(=O)N1CCC[C@H]1C(=O)N1CCC[C@H]1C(=O)NCC(=O)N[C@@H](CC1=CC=CC=C1)C(=O)N[C@@H](CO)C(=O)N1CCC[C@H]1C(=O)N[C@@H](CC1=CC=CC=C1)C(=O)N[C@@H](CCCN=C(N)N)C(O)=O,Bradykinin,,NO,1060.20852,2482,C50H73N15O11,1060.20852,E0037,,Free Base,58-82-2,,,6.122378
COC(=O)C1=CSC(=N1)C(=O)C1=CNC2=CC=CC=C12,ITE,,YES,286.3058,2488,C14H10N2O3S,286.3058,E0143,,Free Base,448906-42-1,,,5.7626815
C[C@@H](NC(=O)[C@@H](N)CC1=CC=C(O)C=C1)C(=O)N[C@@H](CC1=CC=CC=C1)C(=O)NCC(=O)N[C@@H](CC1=CC=C(O)C=C1)C(=O)N1CCC[C@H]1C(=O)N[C@@H](CO)C(N)=O,Dermorphin,,NO,802.8726,2525,C40H50N8O10,802.8726,P1118,,free base,77614-16-5,,,5.7653437
[Cl-].C1OC2=C(O1)C=C1C(CC[N+]3=CC4=CC5=C(OCO5)C=C4C=C13)=C2,Pseudocoptisine?chloride,-7,YES,355.77176,2530,C19H14ClNO4,355.77176,E0831,,Chloride,30044-78-1,,,5.8655763
[H][C@@]12CCCN1C(=O)[C@]1([H])CCCN1C(=O)[C@]1([H])CCCN1C(=O)[C@H](CC(C)C)NC(=O)CNC(=O)CNC(=O)[C@H](CC1=CC=CC=C1)NC(=O)[C@@]([H])(NC2=O)[C@@H](C)CC,Heterophyllin B,,NO,778.93732,2532,C40H58N8O8,778.93732,S0969,,free base,145459-19-4,,,5.90362
CSCC[C@H](NC(=O)[C@H](CC1=CNC2=C1C=CC=C2)NC(=O)CNC(=O)[C@@H](NC(=O)[C@H](CC1=CC=C(OS(O)(=O)=O)C=C1)NC(=O)[C@H](CC(O)=O)NC(=O)[C@H](CCC(N)=O)NC(=O)[C@@H]1CCC(=O)N1)[C@@H](C)O)C(=O)N[C@@H](CC(O)=O)C(=O)N[C@@H](CC1=CC=CC=C1)C(N)=O,Caerulein (FI-6934),,NO,1352.40472,2543,C58H73N13O21S2,1352.40472,S9690,,free base,17650-98-5,,,5.912507
[H][C@@]12C[C@@]3(O)[C@H](OC(=O)C4=CC=CC=C4)[C@]1([H])[C@](OC(C)=O)([C@@H](O)[C@@H]3OC)[C@@]1([H])[C@H](OC)[C@@]3([H])[C@]22C1N(C)C[C@]3(COC)CC[C@@H]2OC,Hypaconitine,,NO,615.7111,2544,C33H45NO10,615.7111,E0201,,free base,6900-87-4,,,6.0564313
[H][C@]12C[C@@]3([H])[C@]4([H])CC=C5C[C@@H](O)CC[C@]5(C)[C@@]4([H])CC[C@]3(C)[C@@]1([H])[C@H](C)[C@@]1(CC[C@@H](C)CN1)O2,Solasodine,,NO,413.63582,2550,C27H43NO2,413.63582,S3309,,free base,126-17-0,,,6.3229833
[H][C@@]1(OC(=O)C2=C(OC)C(OC)=CC=C12)[C@]1([H])N(C)CCC2=C1C=C1OCOC1=C2,(-)-Hydrastine,,YES,383.39454,2561,C21H21NO6,383.39454,E2484,,Free base,118-08-1,,,6.0039816
[H]N[C@@H](CC1=CC=C(O)C=C1)C(=O)N1CCC[C@H]1C(=O)N[C@@H](CO)C(=O)N[C@@H](CCCCN)C(=O)N1CCC[C@H]1C(=O)N[C@@H](CC(O)=O)C(=O)N[C@@H](CC(N)=O)C(=O)N1CCC[C@H]1C(=O)NCC(=O)N[C@@H](CCC(O)=O)C(=O)N[C@@H](CC(O)=O)C(=O)N[C@@H](C)C(=O)N1CCC[C@H]1C(=O)N[C@@H](C)C(=O)N[C@@H](CCC(O)=O)C(=O)N[C@@H](CC(O)=O)C(=O)N[C@@H](CCSC)C(=O)N[C@@H](C)C(=O)N[C@@H](CCCNC(N)=N)C(=O)N[C@@H](CC1=CC=C(O)C=C1)C(=O)N[C@@H](CC1=CC=C(O)C=C1)C(=O)N[C@@H](CO)C(=O)N[C@@H](C)C(=O)N[C@@H](CC(C)C)C(=O)N[C@@H](CCCNC(N)=N)C(=O)N[C@@H](CC1=CN=CN1)C(=O)N[C@@H](CC1=CC=C(O)C=C1)C(=O)NC([H])([C@@H](C)CC)C(=O)N[C@@H](CC(N)=O)C(=O)N[C@@H](CC(C)C)C(=O)NC([H])([C@@H](C)CC)C(=O)NC([H])([C@@H](C)O)C(=O)N[C@@H](CCCNC(N)=N)C(=O)N[C@@H](CCC(N)=O)C(=O)N[C@@H](CCCNC(N)=N)C(=O)N[C@@H](CC1=CC=C(O)C=C1)C(N)=O,Neuropeptide Y,,NO,4271.6845,2563,C189H285N55O57S,4271.6845,P1122,,Free base,90880-35-6,,,5.9592257
[H]N([H])C(=NC([H])([H])C([H])([H])C([H])([H])C([H])(N([H])[H])C(=O)N1C([H])([H])C([H])([H])C([H])([H])[C@@]1([H])C(=O)N([H])C([H])(C(=O)N1C([H])([H])C([H])([H])C([H])([H])[C@@]1([H])C(=O)N([H])C([H])(C(=O)N([H])C([H])(C(=O)N([H])C([H])(C(=O)N([H])C([H])(C(=O)N([H])C([H])([H])C(=O)N([H])C([H])(C(=O)N([H])C([H])(C(=O)N([H])[H])C([H])([H])C([H])([H])SC([H])([H])[H])C([H])([H])C([H])(C([H])([H])[H])C([H])([H])[H])C([H])([H])C1=C([H])C([H])=C([H])C([H])=C1[H])C([H])([H])C1=C([H])C([H])=C([H])C([H])=C1[H])C([H])([H])C([H])([H])C(=O)N([H])[H])C([H])([H])C([H])([H])C(=O)N([H])[H])C([H])([H])C([H])([H])C([H])([H])C([H])([H])N([H])[H])N([H])[H],Substance P,,NO,1347.63002,2564,C63H98N18O13S,1347.63002,P1129,,Free base,33507-63-0,,,5.8618474
